id;title;body;author
1;Singapore Mexico;../fake-data/blob/hipster.txt;Tasty action-items
2;Hat;../fake-data/blob/hipster.txt;help-desk Tools Loan
3;magenta mission-critical New;../fake-data/blob/hipster.txt;revolutionize Markets
4;Dominica;../fake-data/blob/hipster.txt;Designer Handmade
5;compress;../fake-data/blob/hipster.txt;explicit
6;Up-sized index;../fake-data/blob/hipster.txt;Communications mint
7;connect microchip Investor;../fake-data/blob/hipster.txt;Sleek Netherlands
8;Digitized;../fake-data/blob/hipster.txt;Card Soft
9;Fantastic;../fake-data/blob/hipster.txt;payment XSS connecting
10;clicks-and-mortar Handmade;../fake-data/blob/hipster.txt;Manager
